País,Profissionais de enfermagem - Total,Profissionais de enfermagem a cada 10k habitantes,Médicos - Total,Médicos a cada 10k habitantes,CODE,enfermeiros,medicos
Afghanistan,6370,1.76,9842,2.78,AFG,Afghanistan<br><br>Profissionais de enfermagem - Total:  6370<br>Profissionais de enfermagem a cada 10k habitantes:  1.76<br>,Afghanistan<br><br>Médicos - Total:  9842<br>Médicos a cada 10k habitantes:  2.78<br>
Albania,10534,36.49,3511,12.16,ALB,Albania<br><br>Profissionais de enfermagem - Total:  10534<br>Profissionais de enfermagem a cada 10k habitantes:  36.49<br>,Albania<br><br>Médicos - Total:  3511<br>Médicos a cada 10k habitantes:  12.16<br>
Algeria,65359,15.48,72604,17.19,DZA,Algeria<br><br>Profissionais de enfermagem - Total:  65359<br>Profissionais de enfermagem a cada 10k habitantes:  15.48<br>,Algeria<br><br>Médicos - Total:  72604<br>Médicos a cada 10k habitantes:  17.19<br>
Andorra,313,40.13,260,33.33,AND,Andorra<br><br>Profissionais de enfermagem - Total:  313<br>Profissionais de enfermagem a cada 10k habitantes:  40.13<br>,Andorra<br><br>Médicos - Total:  260<br>Médicos a cada 10k habitantes:  33.33<br>
Angola,12554,4.08,6400,2.15,AGO,Angola<br><br>Profissionais de enfermagem - Total:  12554<br>Profissionais de enfermagem a cada 10k habitantes:  4.08<br>,Angola<br><br>Médicos - Total:  6400<br>Médicos a cada 10k habitantes:  2.15<br>
Antigua and Barbuda,435,45.17,282,29.56,ATG,Antigua and Barbuda<br><br>Profissionais de enfermagem - Total:  435<br>Profissionais de enfermagem a cada 10k habitantes:  45.17<br>,Antigua and Barbuda<br><br>Médicos - Total:  282<br>Médicos a cada 10k habitantes:  29.56<br>
Argentina,114219,26.0,175313,39.9,ARG,Argentina<br><br>Profissionais de enfermagem - Total:  114219<br>Profissionais de enfermagem a cada 10k habitantes:  26.0<br>,Argentina<br><br>Médicos - Total:  175313<br>Médicos a cada 10k habitantes:  39.9<br>
Armenia,17984,61.07,12964,44.02,ARM,Armenia<br><br>Profissionais de enfermagem - Total:  17984<br>Profissionais de enfermagem a cada 10k habitantes:  61.07<br>,Armenia<br><br>Médicos - Total:  12964<br>Médicos a cada 10k habitantes:  44.02<br>
Australia,308556,125.51,90417,36.78,AUS,Australia<br><br>Profissionais de enfermagem - Total:  308556<br>Profissionais de enfermagem a cada 10k habitantes:  125.51<br>,Australia<br><br>Médicos - Total:  90417<br>Médicos a cada 10k habitantes:  36.78<br>
Austria,2338,2.63,45596,51.7,AUT,Austria<br><br>Profissionais de enfermagem - Total:  2338<br>Profissionais de enfermagem a cada 10k habitantes:  2.63<br>,Austria<br><br>Médicos - Total:  45596<br>Médicos a cada 10k habitantes:  51.7<br>
Azerbaijan,61157,64.34,32756,34.46,AZE,Azerbaijan<br><br>Profissionais de enfermagem - Total:  61157<br>Profissionais de enfermagem a cada 10k habitantes:  64.34<br>,Azerbaijan<br><br>Médicos - Total:  32756<br>Médicos a cada 10k habitantes:  34.46<br>
"Bahamas, The",1761,45.67,766,20.07,BHM,"Bahamas, The<br><br>Profissionais de enfermagem - Total:  1761<br>Profissionais de enfermagem a cada 10k habitantes:  45.67<br>","Bahamas, The<br><br>Médicos - Total:  766<br>Médicos a cada 10k habitantes:  20.07<br>"
Bahrain,3422,24.94,1270,9.26,BHR,Bahrain<br><br>Profissionais de enfermagem - Total:  3422<br>Profissionais de enfermagem a cada 10k habitantes:  24.94<br>,Bahrain<br><br>Médicos - Total:  1270<br>Médicos a cada 10k habitantes:  9.26<br>
Bangladesh,66544,4.12,93741,5.81,BGD,Bangladesh<br><br>Profissionais de enfermagem - Total:  66544<br>Profissionais de enfermagem a cada 10k habitantes:  4.12<br>,Bangladesh<br><br>Médicos - Total:  93741<br>Médicos a cada 10k habitantes:  5.81<br>
Barbados,877,30.6,711,24.84,BRB,Barbados<br><br>Profissionais de enfermagem - Total:  877<br>Profissionais de enfermagem a cada 10k habitantes:  30.6<br>,Barbados<br><br>Médicos - Total:  711<br>Médicos a cada 10k habitantes:  24.84<br>
Belarus,103859,110.03,48995,51.9,BLR,Belarus<br><br>Profissionais de enfermagem - Total:  103859<br>Profissionais de enfermagem a cada 10k habitantes:  110.03<br>,Belarus<br><br>Médicos - Total:  48995<br>Médicos a cada 10k habitantes:  51.9<br>
Belgium,223460,194.61,35069,30.71,BEL,Belgium<br><br>Profissionais de enfermagem - Total:  223460<br>Profissionais de enfermagem a cada 10k habitantes:  194.61<br>,Belgium<br><br>Médicos - Total:  35069<br>Médicos a cada 10k habitantes:  30.71<br>
Belize,897,23.41,422,11.23,BLZ,Belize<br><br>Profissionais de enfermagem - Total:  897<br>Profissionais de enfermagem a cada 10k habitantes:  23.41<br>,Belize<br><br>Médicos - Total:  422<br>Médicos a cada 10k habitantes:  11.23<br>
Benin,4465,3.89,908,0.79,BEN,Benin<br><br>Profissionais de enfermagem - Total:  4465<br>Profissionais de enfermagem a cada 10k habitantes:  3.89<br>,Benin<br><br>Médicos - Total:  908<br>Médicos a cada 10k habitantes:  0.79<br>
Bhutan,1397,18.52,320,4.24,BTN,Bhutan<br><br>Profissionais de enfermagem - Total:  1397<br>Profissionais de enfermagem a cada 10k habitantes:  18.52<br>,Bhutan<br><br>Médicos - Total:  320<br>Médicos a cada 10k habitantes:  4.24<br>
Bolivia,17449,15.59,17542,15.9,BOL,Bolivia<br><br>Profissionais de enfermagem - Total:  17449<br>Profissionais de enfermagem a cada 10k habitantes:  15.59<br>,Bolivia<br><br>Médicos - Total:  17542<br>Médicos a cada 10k habitantes:  15.9<br>
Bosnia and Herzegovina,19057,57.33,7413,21.62,BIH,Bosnia and Herzegovina<br><br>Profissionais de enfermagem - Total:  19057<br>Profissionais de enfermagem a cada 10k habitantes:  57.33<br>,Bosnia and Herzegovina<br><br>Médicos - Total:  7413<br>Médicos a cada 10k habitantes:  21.62<br>
Botswana,12179,54.03,1138,5.27,BWA,Botswana<br><br>Profissionais de enfermagem - Total:  12179<br>Profissionais de enfermagem a cada 10k habitantes:  54.03<br>,Botswana<br><br>Médicos - Total:  1138<br>Médicos a cada 10k habitantes:  5.27<br>
Brazil,2119620,101.19,453351,21.64,BRA,Brazil<br><br>Profissionais de enfermagem - Total:  2119620<br>Profissionais de enfermagem a cada 10k habitantes:  101.19<br>,Brazil<br><br>Médicos - Total:  453351<br>Médicos a cada 10k habitantes:  21.64<br>
Brunei,2530,58.97,683,16.09,BRN,Brunei<br><br>Profissionais de enfermagem - Total:  2530<br>Profissionais de enfermagem a cada 10k habitantes:  58.97<br>,Brunei<br><br>Médicos - Total:  683<br>Médicos a cada 10k habitantes:  16.09<br>
Bulgaria,34671,48.16,29038,40.33,BGR,Bulgaria<br><br>Profissionais de enfermagem - Total:  34671<br>Profissionais de enfermagem a cada 10k habitantes:  48.16<br>,Bulgaria<br><br>Médicos - Total:  29038<br>Médicos a cada 10k habitantes:  40.33<br>
Burkina Faso,16945,8.83,1626,0.85,BFA,Burkina Faso<br><br>Profissionais de enfermagem - Total:  16945<br>Profissionais de enfermagem a cada 10k habitantes:  8.83<br>,Burkina Faso<br><br>Médicos - Total:  1626<br>Médicos a cada 10k habitantes:  0.85<br>
Burundi,9231,8.53,1084,1.0,BDI,Burundi<br><br>Profissionais de enfermagem - Total:  9231<br>Profissionais de enfermagem a cada 10k habitantes:  8.53<br>,Burundi<br><br>Médicos - Total:  1084<br>Médicos a cada 10k habitantes:  1.0<br>
Cabo Verde,706,12.98,410,7.81,CPV,Cabo Verde<br><br>Profissionais de enfermagem - Total:  706<br>Profissionais de enfermagem a cada 10k habitantes:  12.98<br>,Cabo Verde<br><br>Médicos - Total:  410<br>Médicos a cada 10k habitantes:  7.81<br>
Cambodia,11140,6.86,2944,1.93,KHM,Cambodia<br><br>Profissionais de enfermagem - Total:  11140<br>Profissionais de enfermagem a cada 10k habitantes:  6.86<br>,Cambodia<br><br>Médicos - Total:  2944<br>Médicos a cada 10k habitantes:  1.93<br>
Cameroon,127,0.06,1842,0.88,CMR,Cameroon<br><br>Profissionais de enfermagem - Total:  127<br>Profissionais de enfermagem a cada 10k habitantes:  0.06<br>,Cameroon<br><br>Médicos - Total:  1842<br>Médicos a cada 10k habitantes:  0.88<br>
Canada,368664,99.44,84063,23.1,CAN,Canada<br><br>Profissionais de enfermagem - Total:  368664<br>Profissionais de enfermagem a cada 10k habitantes:  99.44<br>,Canada<br><br>Médicos - Total:  84063<br>Médicos a cada 10k habitantes:  23.1<br>
Central African Republic,927,2.06,324,0.72,CAF,Central African Republic<br><br>Profissionais de enfermagem - Total:  927<br>Profissionais de enfermagem a cada 10k habitantes:  2.06<br>,Central African Republic<br><br>Médicos - Total:  324<br>Médicos a cada 10k habitantes:  0.72<br>
Chad,3487,2.32,651,0.43,TCD,Chad<br><br>Profissionais de enfermagem - Total:  3487<br>Profissionais de enfermagem a cada 10k habitantes:  2.32<br>,Chad<br><br>Médicos - Total:  651<br>Médicos a cada 10k habitantes:  0.43<br>
Chile,249563,133.25,48531,25.91,CHL,Chile<br><br>Profissionais de enfermagem - Total:  249563<br>Profissionais de enfermagem a cada 10k habitantes:  133.25<br>,Chile<br><br>Médicos - Total:  48531<br>Médicos a cada 10k habitantes:  25.91<br>
China,3804021,26.62,2828999,19.8,CHN,China<br><br>Profissionais de enfermagem - Total:  3804021<br>Profissionais de enfermagem a cada 10k habitantes:  26.62<br>,China<br><br>Médicos - Total:  2828999<br>Médicos a cada 10k habitantes:  19.8<br>
Colombia,66095,13.31,108499,21.85,COL,Colombia<br><br>Profissionais de enfermagem - Total:  66095<br>Profissionais de enfermagem a cada 10k habitantes:  13.31<br>,Colombia<br><br>Médicos - Total:  108499<br>Médicos a cada 10k habitantes:  21.85<br>
Comoros,500,6.28,216,2.72,COM,Comoros<br><br>Profissionais de enfermagem - Total:  500<br>Profissionais de enfermagem a cada 10k habitantes:  6.28<br>,Comoros<br><br>Médicos - Total:  216<br>Médicos a cada 10k habitantes:  2.72<br>
"Congo, Republic of the",3289,6.27,723,1.64,COG,"Congo, Republic of the<br><br>Profissionais de enfermagem - Total:  3289<br>Profissionais de enfermagem a cada 10k habitantes:  6.27<br>","Congo, Republic of the<br><br>Médicos - Total:  723<br>Médicos a cada 10k habitantes:  1.64<br>"
Cook Islands,118,67.43,25,14.12,COK,Cook Islands<br><br>Profissionais de enfermagem - Total:  118<br>Profissionais de enfermagem a cada 10k habitantes:  67.43<br>,Cook Islands<br><br>Médicos - Total:  25<br>Médicos a cada 10k habitantes:  14.12<br>
Costa Rica,17070,34.14,14468,28.94,CRI,Costa Rica<br><br>Profissionais de enfermagem - Total:  17070<br>Profissionais de enfermagem a cada 10k habitantes:  34.14<br>,Costa Rica<br><br>Médicos - Total:  14468<br>Médicos a cada 10k habitantes:  28.94<br>
Croatia,34184,81.22,12624,30.0,HRV,Croatia<br><br>Profissionais de enfermagem - Total:  34184<br>Profissionais de enfermagem a cada 10k habitantes:  81.22<br>,Croatia<br><br>Médicos - Total:  12624<br>Médicos a cada 10k habitantes:  30.0<br>
Cuba,85732,75.61,95487,84.22,CUB,Cuba<br><br>Profissionais de enfermagem - Total:  85732<br>Profissionais de enfermagem a cada 10k habitantes:  75.61<br>,Cuba<br><br>Médicos - Total:  95487<br>Médicos a cada 10k habitantes:  84.22<br>
Cyprus,6145,52.51,2283,19.51,CYP,Cyprus<br><br>Profissionais de enfermagem - Total:  6145<br>Profissionais de enfermagem a cada 10k habitantes:  52.51<br>,Cyprus<br><br>Médicos - Total:  2283<br>Médicos a cada 10k habitantes:  19.51<br>
Czech Republic,89337,83.96,43951,41.21,CZE,Czech Republic<br><br>Profissionais de enfermagem - Total:  89337<br>Profissionais de enfermagem a cada 10k habitantes:  83.96<br>,Czech Republic<br><br>Médicos - Total:  43951<br>Médicos a cada 10k habitantes:  41.21<br>
Cote d'Ivoire,15163,6.05,5240,2.31,CIV,Cote d'Ivoire<br><br>Profissionais de enfermagem - Total:  15163<br>Profissionais de enfermagem a cada 10k habitantes:  6.05<br>,Cote d'Ivoire<br><br>Médicos - Total:  5240<br>Médicos a cada 10k habitantes:  2.31<br>
"Korea, North",113135,44.49,93667,36.83,PRK,"Korea, North<br><br>Profissionais de enfermagem - Total:  113135<br>Profissionais de enfermagem a cada 10k habitantes:  44.49<br>","Korea, North<br><br>Médicos - Total:  93667<br>Médicos a cada 10k habitantes:  36.83<br>"
"Congo, Democratic Republic of the",93326,11.1,5832,0.74,COD,"Congo, Democratic Republic of the<br><br>Profissionais de enfermagem - Total:  93326<br>Profissionais de enfermagem a cada 10k habitantes:  11.1<br>","Congo, Democratic Republic of the<br><br>Médicos - Total:  5832<br>Médicos a cada 10k habitantes:  0.74<br>"
Denmark,58938,103.2,22902,40.1,DNK,Denmark<br><br>Profissionais de enfermagem - Total:  58938<br>Profissionais de enfermagem a cada 10k habitantes:  103.2<br>,Denmark<br><br>Médicos - Total:  22902<br>Médicos a cada 10k habitantes:  40.1<br>
Djibouti,655,7.29,201,2.24,DJI,Djibouti<br><br>Profissionais de enfermagem - Total:  655<br>Profissionais de enfermagem a cada 10k habitantes:  7.29<br>,Djibouti<br><br>Médicos - Total:  201<br>Médicos a cada 10k habitantes:  2.24<br>
Dominica,461,64.39,80,11.19,DMA,Dominica<br><br>Profissionais de enfermagem - Total:  461<br>Profissionais de enfermagem a cada 10k habitantes:  64.39<br>,Dominica<br><br>Médicos - Total:  80<br>Médicos a cada 10k habitantes:  11.19<br>
Dominican Republic,14668,13.8,14983,15.27,DOM,Dominican Republic<br><br>Profissionais de enfermagem - Total:  14668<br>Profissionais de enfermagem a cada 10k habitantes:  13.8<br>,Dominican Republic<br><br>Médicos - Total:  14983<br>Médicos a cada 10k habitantes:  15.27<br>
Ecuador,42811,25.06,33589,20.37,ECU,Ecuador<br><br>Profissionais de enfermagem - Total:  42811<br>Profissionais de enfermagem a cada 10k habitantes:  25.06<br>,Ecuador<br><br>Médicos - Total:  33589<br>Médicos a cada 10k habitantes:  20.37<br>
Egypt,189579,19.26,44502,4.52,EGY,Egypt<br><br>Profissionais de enfermagem - Total:  189579<br>Profissionais de enfermagem a cada 10k habitantes:  19.26<br>,Egypt<br><br>Médicos - Total:  44502<br>Médicos a cada 10k habitantes:  4.52<br>
El Salvador,11778,18.34,9955,15.66,SLV,El Salvador<br><br>Profissionais de enfermagem - Total:  11778<br>Profissionais de enfermagem a cada 10k habitantes:  18.34<br>,El Salvador<br><br>Médicos - Total:  9955<br>Médicos a cada 10k habitantes:  15.66<br>
Equatorial Guinea,634,5.02,507,4.02,GNQ,Equatorial Guinea<br><br>Profissionais de enfermagem - Total:  634<br>Profissionais de enfermagem a cada 10k habitantes:  5.02<br>,Equatorial Guinea<br><br>Médicos - Total:  507<br>Médicos a cada 10k habitantes:  4.02<br>
Eritrea,4971,14.4,212,0.63,ERI,Eritrea<br><br>Profissionais de enfermagem - Total:  4971<br>Profissionais de enfermagem a cada 10k habitantes:  14.4<br>,Eritrea<br><br>Médicos - Total:  212<br>Médicos a cada 10k habitantes:  0.63<br>
Estonia,14758,111.56,5931,44.83,EST,Estonia<br><br>Profissionais de enfermagem - Total:  14758<br>Profissionais de enfermagem a cada 10k habitantes:  111.56<br>,Estonia<br><br>Médicos - Total:  5931<br>Médicos a cada 10k habitantes:  44.83<br>
Swaziland,4706,41.42,366,3.28,SWZ,Swaziland<br><br>Profissionais de enfermagem - Total:  4706<br>Profissionais de enfermagem a cada 10k habitantes:  41.42<br>,Swaziland<br><br>Médicos - Total:  366<br>Médicos a cada 10k habitantes:  3.28<br>
Ethiopia,77931,7.14,8395,0.77,ETH,Ethiopia<br><br>Profissionais de enfermagem - Total:  77931<br>Profissionais de enfermagem a cada 10k habitantes:  7.14<br>,Ethiopia<br><br>Médicos - Total:  8395<br>Médicos a cada 10k habitantes:  0.77<br>
Fiji,2982,33.75,747,8.6,FJI,Fiji<br><br>Profissionais de enfermagem - Total:  2982<br>Profissionais de enfermagem a cada 10k habitantes:  33.75<br>,Fiji<br><br>Médicos - Total:  747<br>Médicos a cada 10k habitantes:  8.6<br>
Finland,81022,147.37,20956,38.12,FIN,Finland<br><br>Profissionais de enfermagem - Total:  81022<br>Profissionais de enfermagem a cada 10k habitantes:  147.37<br>,Finland<br><br>Médicos - Total:  20956<br>Médicos a cada 10k habitantes:  38.12<br>
France,745485,114.71,212337,32.67,FRA,France<br><br>Profissionais de enfermagem - Total:  745485<br>Profissionais de enfermagem a cada 10k habitantes:  114.71<br>,France<br><br>Médicos - Total:  212337<br>Médicos a cada 10k habitantes:  32.67<br>
Gabon,6083,29.46,1408,6.82,GAB,Gabon<br><br>Profissionais de enfermagem - Total:  6083<br>Profissionais de enfermagem a cada 10k habitantes:  29.46<br>,Gabon<br><br>Médicos - Total:  1408<br>Médicos a cada 10k habitantes:  6.82<br>
"Gambia, The",3222,15.45,213,1.02,GMB,"Gambia, The<br><br>Profissionais de enfermagem - Total:  3222<br>Profissionais de enfermagem a cada 10k habitantes:  15.45<br>","Gambia, The<br><br>Médicos - Total:  213<br>Médicos a cada 10k habitantes:  1.02<br>"
Georgia,18931,47.29,28501,71.2,GEO,Georgia<br><br>Profissionais de enfermagem - Total:  18931<br>Profissionais de enfermagem a cada 10k habitantes:  47.29<br>,Georgia<br><br>Médicos - Total:  28501<br>Médicos a cada 10k habitantes:  71.2<br>
Germany,1094000,132.35,351195,42.49,DEU,Germany<br><br>Profissionais de enfermagem - Total:  1094000<br>Profissionais de enfermagem a cada 10k habitantes:  132.35<br>,Germany<br><br>Médicos - Total:  351195<br>Médicos a cada 10k habitantes:  42.49<br>
Ghana,125024,42.0,3957,1.36,GHA,Ghana<br><br>Profissionais de enfermagem - Total:  125024<br>Profissionais de enfermagem a cada 10k habitantes:  42.0<br>,Ghana<br><br>Médicos - Total:  3957<br>Médicos a cada 10k habitantes:  1.36<br>
Greece,38400,36.33,57909,54.79,GRC,Greece<br><br>Profissionais de enfermagem - Total:  38400<br>Profissionais de enfermagem a cada 10k habitantes:  36.33<br>,Greece<br><br>Médicos - Total:  57909<br>Médicos a cada 10k habitantes:  54.79<br>
Grenada,700,62.84,156,14.07,GRD,Grenada<br><br>Profissionais de enfermagem - Total:  700<br>Profissionais de enfermagem a cada 10k habitantes:  62.84<br>,Grenada<br><br>Médicos - Total:  156<br>Médicos a cada 10k habitantes:  14.07<br>
Guatemala,1271,0.74,6122,3.55,GTM,Guatemala<br><br>Profissionais de enfermagem - Total:  1271<br>Profissionais de enfermagem a cada 10k habitantes:  0.74<br>,Guatemala<br><br>Médicos - Total:  6122<br>Médicos a cada 10k habitantes:  3.55<br>
Guinea,1453,1.24,977,0.83,GIN,Guinea<br><br>Profissionais de enfermagem - Total:  1453<br>Profissionais de enfermagem a cada 10k habitantes:  1.24<br>,Guinea<br><br>Médicos - Total:  977<br>Médicos a cada 10k habitantes:  0.83<br>
Guinea-Bissau,1284,6.85,227,1.27,GNB,Guinea-Bissau<br><br>Profissionais de enfermagem - Total:  1284<br>Profissionais de enfermagem a cada 10k habitantes:  6.85<br>,Guinea-Bissau<br><br>Médicos - Total:  227<br>Médicos a cada 10k habitantes:  1.27<br>
Guyana,810,10.4,625,8.02,GUY,Guyana<br><br>Profissionais de enfermagem - Total:  810<br>Profissionais de enfermagem a cada 10k habitantes:  10.4<br>,Guyana<br><br>Médicos - Total:  625<br>Médicos a cada 10k habitantes:  8.02<br>
Haiti,7561,6.8,2606,2.34,HTI,Haiti<br><br>Profissionais de enfermagem - Total:  7561<br>Profissionais de enfermagem a cada 10k habitantes:  6.8<br>,Haiti<br><br>Médicos - Total:  2606<br>Médicos a cada 10k habitantes:  2.34<br>
Honduras,7054,7.36,2913,3.09,HND,Honduras<br><br>Profissionais de enfermagem - Total:  7054<br>Profissionais de enfermagem a cada 10k habitantes:  7.36<br>,Honduras<br><br>Médicos - Total:  2913<br>Médicos a cada 10k habitantes:  3.09<br>
Hungary,67134,69.16,33078,34.08,HUN,Hungary<br><br>Profissionais de enfermagem - Total:  67134<br>Profissionais de enfermagem a cada 10k habitantes:  69.16<br>,Hungary<br><br>Médicos - Total:  33078<br>Médicos a cada 10k habitantes:  34.08<br>
Iceland,5459,162.13,1373,40.78,ISL,Iceland<br><br>Profissionais de enfermagem - Total:  5459<br>Profissionais de enfermagem a cada 10k habitantes:  162.13<br>,Iceland<br><br>Médicos - Total:  1373<br>Médicos a cada 10k habitantes:  40.78<br>
India,2336204,17.27,1159309,8.57,IND,India<br><br>Profissionais de enfermagem - Total:  2336204<br>Profissionais de enfermagem a cada 10k habitantes:  17.27<br>,India<br><br>Médicos - Total:  1159309<br>Médicos a cada 10k habitantes:  8.57<br>
Indonesia,646405,24.15,114271,4.27,IDN,Indonesia<br><br>Profissionais de enfermagem - Total:  646405<br>Profissionais de enfermagem a cada 10k habitantes:  24.15<br>,Indonesia<br><br>Médicos - Total:  114271<br>Médicos a cada 10k habitantes:  4.27<br>
Iran,36211,4.43,129604,15.84,IRN,Iran<br><br>Profissionais de enfermagem - Total:  36211<br>Profissionais de enfermagem a cada 10k habitantes:  4.43<br>,Iran<br><br>Médicos - Total:  129604<br>Médicos a cada 10k habitantes:  15.84<br>
Iraq,78588,20.45,27208,7.08,IRQ,Iraq<br><br>Profissionais de enfermagem - Total:  78588<br>Profissionais de enfermagem a cada 10k habitantes:  20.45<br>,Iraq<br><br>Médicos - Total:  27208<br>Médicos a cada 10k habitantes:  7.08<br>
Ireland,76526,161.0,15962,33.12,IRL,Ireland<br><br>Profissionais de enfermagem - Total:  76526<br>Profissionais de enfermagem a cada 10k habitantes:  161.0<br>,Ireland<br><br>Médicos - Total:  15962<br>Médicos a cada 10k habitantes:  33.12<br>
Israel,2768,3.3,38764,46.25,ISR,Israel<br><br>Profissionais de enfermagem - Total:  2768<br>Profissionais de enfermagem a cada 10k habitantes:  3.3<br>,Israel<br><br>Médicos - Total:  38764<br>Médicos a cada 10k habitantes:  46.25<br>
Italy,348004,57.4,241136,39.77,ITA,Italy<br><br>Profissionais de enfermagem - Total:  348004<br>Profissionais de enfermagem a cada 10k habitantes:  57.4<br>,Italy<br><br>Médicos - Total:  241136<br>Médicos a cada 10k habitantes:  39.77<br>
Jamaica,2368,8.07,3815,13.06,JAM,Jamaica<br><br>Profissionais de enfermagem - Total:  2368<br>Profissionais de enfermagem a cada 10k habitantes:  8.07<br>,Jamaica<br><br>Médicos - Total:  3815<br>Médicos a cada 10k habitantes:  13.06<br>
Japan,1545907,121.53,308105,24.12,JPN,Japan<br><br>Profissionais de enfermagem - Total:  1545907<br>Profissionais de enfermagem a cada 10k habitantes:  121.53<br>,Japan<br><br>Médicos - Total:  308105<br>Médicos a cada 10k habitantes:  24.12<br>
Jordan,28114,28.21,22739,23.24,JOR,Jordan<br><br>Profissionais de enfermagem - Total:  28114<br>Profissionais de enfermagem a cada 10k habitantes:  28.21<br>,Jordan<br><br>Médicos - Total:  22739<br>Médicos a cada 10k habitantes:  23.24<br>
Kazakhstan,128164,72.94,68864,39.8,KAZ,Kazakhstan<br><br>Profissionais de enfermagem - Total:  128164<br>Profissionais de enfermagem a cada 10k habitantes:  72.94<br>,Kazakhstan<br><br>Médicos - Total:  68864<br>Médicos a cada 10k habitantes:  39.8<br>
Kenya,59901,11.66,8042,1.56,KEN,Kenya<br><br>Profissionais de enfermagem - Total:  59901<br>Profissionais de enfermagem a cada 10k habitantes:  11.66<br>,Kenya<br><br>Médicos - Total:  8042<br>Médicos a cada 10k habitantes:  1.56<br>
Kiribati,444,38.34,22,2.04,KIR,Kiribati<br><br>Profissionais de enfermagem - Total:  444<br>Profissionais de enfermagem a cada 10k habitantes:  38.34<br>,Kiribati<br><br>Médicos - Total:  22<br>Médicos a cada 10k habitantes:  2.04<br>
Kuwait,30676,74.14,10150,26.46,KWT,Kuwait<br><br>Profissionais de enfermagem - Total:  30676<br>Profissionais de enfermagem a cada 10k habitantes:  74.14<br>,Kuwait<br><br>Médicos - Total:  10150<br>Médicos a cada 10k habitantes:  26.46<br>
Kyrgyzstan,34743,59.44,12934,22.13,KGZ,Kyrgyzstan<br><br>Profissionais de enfermagem - Total:  34743<br>Profissionais de enfermagem a cada 10k habitantes:  59.44<br>,Kyrgyzstan<br><br>Médicos - Total:  12934<br>Médicos a cada 10k habitantes:  22.13<br>
Laos,6724,9.52,2591,3.73,LAO,Laos<br><br>Profissionais de enfermagem - Total:  6724<br>Profissionais de enfermagem a cada 10k habitantes:  9.52<br>,Laos<br><br>Médicos - Total:  2591<br>Médicos a cada 10k habitantes:  3.73<br>
Latvia,9271,47.52,6225,31.9,LVA,Latvia<br><br>Profissionais de enfermagem - Total:  9271<br>Profissionais de enfermagem a cada 10k habitantes:  47.52<br>,Latvia<br><br>Médicos - Total:  6225<br>Médicos a cada 10k habitantes:  31.9<br>
Lebanon,11479,16.74,14431,21.04,LBN,Lebanon<br><br>Profissionais de enfermagem - Total:  11479<br>Profissionais de enfermagem a cada 10k habitantes:  16.74<br>,Lebanon<br><br>Médicos - Total:  14431<br>Médicos a cada 10k habitantes:  21.04<br>
Lesotho,6866,32.57,138,0.69,LSO,Lesotho<br><br>Profissionais de enfermagem - Total:  6866<br>Profissionais de enfermagem a cada 10k habitantes:  32.57<br>,Lesotho<br><br>Médicos - Total:  138<br>Médicos a cada 10k habitantes:  0.69<br>
Liberia,2564,5.32,168,0.38,LBR,Liberia<br><br>Profissionais de enfermagem - Total:  2564<br>Profissionais de enfermagem a cada 10k habitantes:  5.32<br>,Liberia<br><br>Médicos - Total:  168<br>Médicos a cada 10k habitantes:  0.38<br>
Libya,42975,65.31,13757,20.9,LBY,Libya<br><br>Profissionais de enfermagem - Total:  42975<br>Profissionais de enfermagem a cada 10k habitantes:  65.31<br>,Libya<br><br>Médicos - Total:  13757<br>Médicos a cada 10k habitantes:  20.9<br>
Lithuania,27585,98.47,17796,63.53,LTU,Lithuania<br><br>Profissionais de enfermagem - Total:  27585<br>Profissionais de enfermagem a cada 10k habitantes:  98.47<br>,Lithuania<br><br>Médicos - Total:  17796<br>Médicos a cada 10k habitantes:  63.53<br>
Luxembourg,7206,121.74,1781,30.09,LUX,Luxembourg<br><br>Profissionais de enfermagem - Total:  7206<br>Profissionais de enfermagem a cada 10k habitantes:  121.74<br>,Luxembourg<br><br>Médicos - Total:  1781<br>Médicos a cada 10k habitantes:  30.09<br>
Madagascar,3833,1.46,4275,1.81,MDG,Madagascar<br><br>Profissionais de enfermagem - Total:  3833<br>Profissionais de enfermagem a cada 10k habitantes:  1.46<br>,Madagascar<br><br>Médicos - Total:  4275<br>Médicos a cada 10k habitantes:  1.81<br>
Malawi,7957,4.39,649,0.36,MWI,Malawi<br><br>Profissionais de enfermagem - Total:  7957<br>Profissionais de enfermagem a cada 10k habitantes:  4.39<br>,Malawi<br><br>Médicos - Total:  649<br>Médicos a cada 10k habitantes:  0.36<br>
Malaysia,107858,34.68,46491,15.36,MYS,Malaysia<br><br>Profissionais de enfermagem - Total:  107858<br>Profissionais de enfermagem a cada 10k habitantes:  34.68<br>,Malaysia<br><br>Médicos - Total:  46491<br>Médicos a cada 10k habitantes:  15.36<br>
Maldives,3315,64.28,2353,45.63,MDV,Maldives<br><br>Profissionais de enfermagem - Total:  3315<br>Profissionais de enfermagem a cada 10k habitantes:  64.28<br>,Maldives<br><br>Médicos - Total:  2353<br>Médicos a cada 10k habitantes:  45.63<br>
Mali,6840,3.58,2454,1.29,MLI,Mali<br><br>Profissionais de enfermagem - Total:  6840<br>Profissionais de enfermagem a cada 10k habitantes:  3.58<br>,Mali<br><br>Médicos - Total:  2454<br>Médicos a cada 10k habitantes:  1.29<br>
Malta,4166,94.83,1240,28.6,MLT,Malta<br><br>Profissionais de enfermagem - Total:  4166<br>Profissionais de enfermagem a cada 10k habitantes:  94.83<br>,Malta<br><br>Médicos - Total:  1240<br>Médicos a cada 10k habitantes:  28.6<br>
Marshall Islands,195,33.39,24,4.23,MHL,Marshall Islands<br><br>Profissionais de enfermagem - Total:  195<br>Profissionais de enfermagem a cada 10k habitantes:  33.39<br>,Marshall Islands<br><br>Médicos - Total:  24<br>Médicos a cada 10k habitantes:  4.23<br>
Mauritania,4074,9.25,821,1.86,MRT,Mauritania<br><br>Profissionais de enfermagem - Total:  4074<br>Profissionais de enfermagem a cada 10k habitantes:  9.25<br>,Mauritania<br><br>Médicos - Total:  821<br>Médicos a cada 10k habitantes:  1.86<br>
Mauritius,4445,35.15,3210,25.33,MUS,Mauritius<br><br>Profissionais de enfermagem - Total:  4445<br>Profissionais de enfermagem a cada 10k habitantes:  35.15<br>,Mauritius<br><br>Médicos - Total:  3210<br>Médicos a cada 10k habitantes:  25.33<br>
Mexico,302363,23.96,297307,23.83,MEX,Mexico<br><br>Profissionais de enfermagem - Total:  302363<br>Profissionais de enfermagem a cada 10k habitantes:  23.96<br>,Mexico<br><br>Médicos - Total:  297307<br>Médicos a cada 10k habitantes:  23.83<br>
"Micronesia, Federated States of",230,20.43,20,1.94,FSM,"Micronesia, Federated States of<br><br>Profissionais de enfermagem - Total:  230<br>Profissionais de enfermagem a cada 10k habitantes:  20.43<br>","Micronesia, Federated States of<br><br>Médicos - Total:  20<br>Médicos a cada 10k habitantes:  1.94<br>"
Monaco,752,201.61,280,75.07,MCO,Monaco<br><br>Profissionais de enfermagem - Total:  752<br>Profissionais de enfermagem a cada 10k habitantes:  201.61<br>,Monaco<br><br>Médicos - Total:  280<br>Médicos a cada 10k habitantes:  75.07<br>
Mongolia,12344,38.94,8739,28.59,MNG,Mongolia<br><br>Profissionais de enfermagem - Total:  12344<br>Profissionais de enfermagem a cada 10k habitantes:  38.94<br>,Mongolia<br><br>Médicos - Total:  8739<br>Médicos a cada 10k habitantes:  28.59<br>
Montenegro,3283,52.29,1730,27.56,MNE,Montenegro<br><br>Profissionais de enfermagem - Total:  3283<br>Profissionais de enfermagem a cada 10k habitantes:  52.29<br>,Montenegro<br><br>Médicos - Total:  1730<br>Médicos a cada 10k habitantes:  27.56<br>
Morocco,49412,13.89,26003,7.31,MAR,Morocco<br><br>Profissionais de enfermagem - Total:  49412<br>Profissionais de enfermagem a cada 10k habitantes:  13.89<br>,Morocco<br><br>Médicos - Total:  26003<br>Médicos a cada 10k habitantes:  7.31<br>
Mozambique,20195,6.85,2473,0.84,MOZ,Mozambique<br><br>Profissionais de enfermagem - Total:  20195<br>Profissionais de enfermagem a cada 10k habitantes:  6.85<br>,Mozambique<br><br>Médicos - Total:  2473<br>Médicos a cada 10k habitantes:  0.84<br>
Myanmar,53671,9.99,36363,6.77,MMR,Myanmar<br><br>Profissionais de enfermagem - Total:  53671<br>Profissionais de enfermagem a cada 10k habitantes:  9.99<br>,Myanmar<br><br>Médicos - Total:  36363<br>Médicos a cada 10k habitantes:  6.77<br>
Namibia,4784,19.54,1024,4.18,NAM,Namibia<br><br>Profissionais de enfermagem - Total:  4784<br>Profissionais de enfermagem a cada 10k habitantes:  19.54<br>,Namibia<br><br>Médicos - Total:  1024<br>Médicos a cada 10k habitantes:  4.18<br>
Nauru,82,76.64,14,13.46,NRU,Nauru<br><br>Profissionais de enfermagem - Total:  82<br>Profissionais de enfermagem a cada 10k habitantes:  76.64<br>,Nauru<br><br>Médicos - Total:  14<br>Médicos a cada 10k habitantes:  13.46<br>
Nepal,87333,31.08,21033,7.49,NPL,Nepal<br><br>Profissionais de enfermagem - Total:  87333<br>Profissionais de enfermagem a cada 10k habitantes:  31.08<br>,Nepal<br><br>Médicos - Total:  21033<br>Médicos a cada 10k habitantes:  7.49<br>
Netherlands,190365,111.84,61368,36.05,NLD,Netherlands<br><br>Profissionais de enfermagem - Total:  190365<br>Profissionais de enfermagem a cada 10k habitantes:  111.84<br>,Netherlands<br><br>Médicos - Total:  61368<br>Médicos a cada 10k habitantes:  36.05<br>
New Zealand,59043,124.48,17027,35.9,NZL,New Zealand<br><br>Profissionais de enfermagem - Total:  59043<br>Profissionais de enfermagem a cada 10k habitantes:  124.48<br>,New Zealand<br><br>Médicos - Total:  17027<br>Médicos a cada 10k habitantes:  35.9<br>
Nicaragua,9914,15.33,6320,9.78,NIC,Nicaragua<br><br>Profissionais de enfermagem - Total:  9914<br>Profissionais de enfermagem a cada 10k habitantes:  15.33<br>,Nicaragua<br><br>Médicos - Total:  6320<br>Médicos a cada 10k habitantes:  9.78<br>
Niger,5602,2.7,900,0.43,NER,Niger<br><br>Profissionais de enfermagem - Total:  5602<br>Profissionais de enfermagem a cada 10k habitantes:  2.7<br>,Niger<br><br>Médicos - Total:  900<br>Médicos a cada 10k habitantes:  0.43<br>
Nigeria,230975,11.79,74543,3.81,NGA,Nigeria<br><br>Profissionais de enfermagem - Total:  230975<br>Profissionais de enfermagem a cada 10k habitantes:  11.79<br>,Nigeria<br><br>Médicos - Total:  74543<br>Médicos a cada 10k habitantes:  3.81<br>
Niue,20,125.0,3,18.75,NIU,Niue<br><br>Profissionais de enfermagem - Total:  20<br>Profissionais de enfermagem a cada 10k habitantes:  125.0<br>,Niue<br><br>Médicos - Total:  3<br>Médicos a cada 10k habitantes:  18.75<br>
Norway,97284,182.25,15568,29.16,NOR,Norway<br><br>Profissionais de enfermagem - Total:  97284<br>Profissionais de enfermagem a cada 10k habitantes:  182.25<br>,Norway<br><br>Médicos - Total:  15568<br>Médicos a cada 10k habitantes:  29.16<br>
Palestine,9385,,10417,,PSE,Palestine<br><br>Profissionais de enfermagem - Total:  9385<br>Profissionais de enfermagem a cada 10k habitantes:  nan<br>,Palestine<br><br>Médicos - Total:  10417<br>Médicos a cada 10k habitantes:  nan<br>
Oman,20267,41.96,9674,20.03,OMN,Oman<br><br>Profissionais de enfermagem - Total:  20267<br>Profissionais de enfermagem a cada 10k habitantes:  41.96<br>,Oman<br><br>Médicos - Total:  9674<br>Médicos a cada 10k habitantes:  20.03<br>
Pakistan,141837,6.68,208007,9.8,PAK,Pakistan<br><br>Profissionais de enfermagem - Total:  141837<br>Profissionais de enfermagem a cada 10k habitantes:  6.68<br>,Pakistan<br><br>Médicos - Total:  208007<br>Médicos a cada 10k habitantes:  9.8<br>
Palau,130,72.63,25,14.2,PLW,Palau<br><br>Profissionais de enfermagem - Total:  130<br>Profissionais de enfermagem a cada 10k habitantes:  72.63<br>,Palau<br><br>Médicos - Total:  25<br>Médicos a cada 10k habitantes:  14.2<br>
Panama,12840,30.74,6333,15.69,PAN,Panama<br><br>Profissionais de enfermagem - Total:  12840<br>Profissionais de enfermagem a cada 10k habitantes:  30.74<br>,Panama<br><br>Médicos - Total:  6333<br>Médicos a cada 10k habitantes:  15.69<br>
Papua New Guinea,3914,4.55,602,0.7,PNG,Papua New Guinea<br><br>Profissionais de enfermagem - Total:  3914<br>Profissionais de enfermagem a cada 10k habitantes:  4.55<br>,Papua New Guinea<br><br>Médicos - Total:  602<br>Médicos a cada 10k habitantes:  0.7<br>
Paraguay,11550,16.6,9421,13.54,PRY,Paraguay<br><br>Profissionais de enfermagem - Total:  11550<br>Profissionais de enfermagem a cada 10k habitantes:  16.6<br>,Paraguay<br><br>Médicos - Total:  9421<br>Médicos a cada 10k habitantes:  13.54<br>
Peru,78048,24.4,40352,13.05,PER,Peru<br><br>Profissionais de enfermagem - Total:  78048<br>Profissionais de enfermagem a cada 10k habitantes:  24.4<br>,Peru<br><br>Médicos - Total:  40352<br>Médicos a cada 10k habitantes:  13.05<br>
Philippines,526331,49.35,63141,6.0,PHL,Philippines<br><br>Profissionais de enfermagem - Total:  526331<br>Profissionais de enfermagem a cada 10k habitantes:  49.35<br>,Philippines<br><br>Médicos - Total:  63141<br>Médicos a cada 10k habitantes:  6.0<br>
Poland,261380,68.93,90284,23.79,POL,Poland<br><br>Profissionais de enfermagem - Total:  261380<br>Profissionais de enfermagem a cada 10k habitantes:  68.93<br>,Poland<br><br>Médicos - Total:  90284<br>Médicos a cada 10k habitantes:  23.79<br>
Portugal,71758,69.75,52718,51.24,PRT,Portugal<br><br>Profissionais de enfermagem - Total:  71758<br>Profissionais de enfermagem a cada 10k habitantes:  69.75<br>,Portugal<br><br>Médicos - Total:  52718<br>Médicos a cada 10k habitantes:  51.24<br>
Qatar,20203,72.63,6913,24.85,QAT,Qatar<br><br>Profissionais de enfermagem - Total:  20203<br>Profissionais de enfermagem a cada 10k habitantes:  72.63<br>,Qatar<br><br>Médicos - Total:  6913<br>Médicos a cada 10k habitantes:  24.85<br>
"Korea, South",373601,73.01,120630,23.61,KOR,"Korea, South<br><br>Profissionais de enfermagem - Total:  373601<br>Profissionais de enfermagem a cada 10k habitantes:  73.01<br>","Korea, South<br><br>Médicos - Total:  120630<br>Médicos a cada 10k habitantes:  23.61<br>"
Moldova,19988,49.24,13018,32.07,MDA,Moldova<br><br>Profissionais de enfermagem - Total:  19988<br>Profissionais de enfermagem a cada 10k habitantes:  49.24<br>,Moldova<br><br>Médicos - Total:  13018<br>Médicos a cada 10k habitantes:  32.07<br>
Macedonia,7884,37.92,5975,28.74,MKD,Macedonia<br><br>Profissionais de enfermagem - Total:  7884<br>Profissionais de enfermagem a cada 10k habitantes:  37.92<br>,Macedonia<br><br>Médicos - Total:  5975<br>Médicos a cada 10k habitantes:  28.74<br>
Romania,145226,73.89,58583,29.81,ROU,Romania<br><br>Profissionais de enfermagem - Total:  145226<br>Profissionais de enfermagem a cada 10k habitantes:  73.89<br>,Romania<br><br>Médicos - Total:  58583<br>Médicos a cada 10k habitantes:  29.81<br>
Russia,1243250,85.43,543604,37.49,RUS,Russia<br><br>Profissionais de enfermagem - Total:  1243250<br>Profissionais de enfermagem a cada 10k habitantes:  85.43<br>,Russia<br><br>Médicos - Total:  543604<br>Médicos a cada 10k habitantes:  37.49<br>
Rwanda,14816,12.04,1648,1.34,RWA,Rwanda<br><br>Profissionais de enfermagem - Total:  14816<br>Profissionais de enfermagem a cada 10k habitantes:  12.04<br>,Rwanda<br><br>Médicos - Total:  1648<br>Médicos a cada 10k habitantes:  1.34<br>
Saint Kitts and Nevis,216,42.19,137,26.76,KNA,Saint Kitts and Nevis<br><br>Profissionais de enfermagem - Total:  216<br>Profissionais de enfermagem a cada 10k habitantes:  42.19<br>,Saint Kitts and Nevis<br><br>Médicos - Total:  137<br>Médicos a cada 10k habitantes:  26.76<br>
Saint Lucia,571,31.55,116,6.41,LCA,Saint Lucia<br><br>Profissionais de enfermagem - Total:  571<br>Profissionais de enfermagem a cada 10k habitantes:  31.55<br>,Saint Lucia<br><br>Médicos - Total:  116<br>Médicos a cada 10k habitantes:  6.41<br>
Saint Vincent and the Grenadines,773,70.14,72,6.65,VCT,Saint Vincent and the Grenadines<br><br>Profissionais de enfermagem - Total:  773<br>Profissionais de enfermagem a cada 10k habitantes:  70.14<br>,Saint Vincent and the Grenadines<br><br>Médicos - Total:  72<br>Médicos a cada 10k habitantes:  6.65<br>
Samoa,488,24.88,67,3.44,WSM,Samoa<br><br>Profissionais de enfermagem - Total:  488<br>Profissionais de enfermagem a cada 10k habitantes:  24.88<br>,Samoa<br><br>Médicos - Total:  67<br>Médicos a cada 10k habitantes:  3.44<br>
San Marino,270,82.07,201,61.09,SMR,San Marino<br><br>Profissionais de enfermagem - Total:  270<br>Profissionais de enfermagem a cada 10k habitantes:  82.07<br>,San Marino<br><br>Médicos - Total:  201<br>Médicos a cada 10k habitantes:  61.09<br>
Sao Tome and Principe,406,19.24,11,0.53,STP,Sao Tome and Principe<br><br>Profissionais de enfermagem - Total:  406<br>Profissionais de enfermagem a cada 10k habitantes:  19.24<br>,Sao Tome and Principe<br><br>Médicos - Total:  11<br>Médicos a cada 10k habitantes:  0.53<br>
Saudi Arabia,184565,54.76,88023,26.12,SAU,Saudi Arabia<br><br>Profissionais de enfermagem - Total:  184565<br>Profissionais de enfermagem a cada 10k habitantes:  54.76<br>,Saudi Arabia<br><br>Médicos - Total:  88023<br>Médicos a cada 10k habitantes:  26.12<br>
Senegal,4822,3.13,1066,0.69,SEN,Senegal<br><br>Profissionais de enfermagem - Total:  4822<br>Profissionais de enfermagem a cada 10k habitantes:  3.13<br>,Senegal<br><br>Médicos - Total:  1066<br>Médicos a cada 10k habitantes:  0.69<br>
Serbia,53881,60.86,27563,31.13,SRB,Serbia<br><br>Profissionais de enfermagem - Total:  53881<br>Profissionais de enfermagem a cada 10k habitantes:  60.86<br>,Serbia<br><br>Médicos - Total:  27563<br>Médicos a cada 10k habitantes:  31.13<br>
Seychelles,773,80.77,203,21.21,SYC,Seychelles<br><br>Profissionais de enfermagem - Total:  773<br>Profissionais de enfermagem a cada 10k habitantes:  80.77<br>,Seychelles<br><br>Médicos - Total:  203<br>Médicos a cada 10k habitantes:  21.21<br>
Sierra Leone,1641,2.24,165,0.25,SLE,Sierra Leone<br><br>Profissionais de enfermagem - Total:  1641<br>Profissionais de enfermagem a cada 10k habitantes:  2.24<br>,Sierra Leone<br><br>Médicos - Total:  165<br>Médicos a cada 10k habitantes:  0.25<br>
Singapore,35636,62.43,12967,22.94,SGP,Singapore<br><br>Profissionais de enfermagem - Total:  35636<br>Profissionais de enfermagem a cada 10k habitantes:  62.43<br>,Singapore<br><br>Médicos - Total:  12967<br>Médicos a cada 10k habitantes:  22.94<br>
Slovakia,1736,3.19,18608,34.16,SVK,Slovakia<br><br>Profissionais de enfermagem - Total:  1736<br>Profissionais de enfermagem a cada 10k habitantes:  3.19<br>,Slovakia<br><br>Médicos - Total:  18608<br>Médicos a cada 10k habitantes:  34.16<br>
Slovenia,20711,99.74,6408,30.86,SVN,Slovenia<br><br>Profissionais de enfermagem - Total:  20711<br>Profissionais de enfermagem a cada 10k habitantes:  99.74<br>,Slovenia<br><br>Médicos - Total:  6408<br>Médicos a cada 10k habitantes:  30.86<br>
Solomon Islands,1413,21.64,120,1.94,SLB,Solomon Islands<br><br>Profissionais de enfermagem - Total:  1413<br>Profissionais de enfermagem a cada 10k habitantes:  21.64<br>,Solomon Islands<br><br>Médicos - Total:  120<br>Médicos a cada 10k habitantes:  1.94<br>
Somalia,1502,1.12,309,0.23,SOM,Somalia<br><br>Profissionais de enfermagem - Total:  1502<br>Profissionais de enfermagem a cada 10k habitantes:  1.12<br>,Somalia<br><br>Médicos - Total:  309<br>Médicos a cada 10k habitantes:  0.23<br>
South Africa,74556,13.08,51616,9.05,ZAF,South Africa<br><br>Profissionais de enfermagem - Total:  74556<br>Profissionais de enfermagem a cada 10k habitantes:  13.08<br>,South Africa<br><br>Médicos - Total:  51616<br>Médicos a cada 10k habitantes:  9.05<br>
Spain,267266,57.3,180633,38.72,ESP,Spain<br><br>Profissionais de enfermagem - Total:  267266<br>Profissionais de enfermagem a cada 10k habitantes:  57.3<br>,Spain<br><br>Médicos - Total:  180633<br>Médicos a cada 10k habitantes:  38.72<br>
Sri Lanka,46286,21.8,21316,10.04,LKA,Sri Lanka<br><br>Profissionais de enfermagem - Total:  46286<br>Profissionais de enfermagem a cada 10k habitantes:  21.8<br>,Sri Lanka<br><br>Médicos - Total:  21316<br>Médicos a cada 10k habitantes:  10.04<br>
Sudan,28372,6.95,10683,2.62,SDN,Sudan<br><br>Profissionais de enfermagem - Total:  28372<br>Profissionais de enfermagem a cada 10k habitantes:  6.95<br>,Sudan<br><br>Médicos - Total:  10683<br>Médicos a cada 10k habitantes:  2.62<br>
Suriname,1588,27.57,697,12.1,SUR,Suriname<br><br>Profissionais de enfermagem - Total:  1588<br>Profissionais de enfermagem a cada 10k habitantes:  27.57<br>,Suriname<br><br>Médicos - Total:  697<br>Médicos a cada 10k habitantes:  12.1<br>
Sweden,117040,118.16,39187,39.84,SWE,Sweden<br><br>Profissionais de enfermagem - Total:  117040<br>Profissionais de enfermagem a cada 10k habitantes:  118.16<br>,Sweden<br><br>Médicos - Total:  39187<br>Médicos a cada 10k habitantes:  39.84<br>
Switzerland,148278,175.36,36324,42.96,CHE,Switzerland<br><br>Profissionais de enfermagem - Total:  148278<br>Profissionais de enfermagem a cada 10k habitantes:  175.36<br>,Switzerland<br><br>Médicos - Total:  36324<br>Médicos a cada 10k habitantes:  42.96<br>
Syria,26908,15.41,22485,12.87,SYR,Syria<br><br>Profissionais de enfermagem - Total:  26908<br>Profissionais de enfermagem a cada 10k habitantes:  15.41<br>,Syria<br><br>Médicos - Total:  22485<br>Médicos a cada 10k habitantes:  12.87<br>
Tajikistan,39229,47.53,17352,21.03,TJK,Tajikistan<br><br>Profissionais de enfermagem - Total:  39229<br>Profissionais de enfermagem a cada 10k habitantes:  47.53<br>,Tajikistan<br><br>Médicos - Total:  17352<br>Médicos a cada 10k habitantes:  21.03<br>
Thailand,191575,27.59,55890,8.05,THA,Thailand<br><br>Profissionais de enfermagem - Total:  191575<br>Profissionais de enfermagem a cada 10k habitantes:  27.59<br>,Thailand<br><br>Médicos - Total:  55890<br>Médicos a cada 10k habitantes:  8.05<br>
Timor-Leste,2115,16.68,916,7.22,TLS,Timor-Leste<br><br>Profissionais de enfermagem - Total:  2115<br>Profissionais de enfermagem a cada 10k habitantes:  16.68<br>,Timor-Leste<br><br>Médicos - Total:  916<br>Médicos a cada 10k habitantes:  7.22<br>
Togo,3236,4.1,611,0.77,TGO,Togo<br><br>Profissionais de enfermagem - Total:  3236<br>Profissionais de enfermagem a cada 10k habitantes:  4.1<br>,Togo<br><br>Médicos - Total:  611<br>Médicos a cada 10k habitantes:  0.77<br>
Tonga,429,41.57,55,5.4,TON,Tonga<br><br>Profissionais de enfermagem - Total:  429<br>Profissionais de enfermagem a cada 10k habitantes:  41.57<br>,Tonga<br><br>Médicos - Total:  55<br>Médicos a cada 10k habitantes:  5.4<br>
Trinidad and Tobago,5689,40.93,5792,41.68,TTO,Trinidad and Tobago<br><br>Profissionais de enfermagem - Total:  5689<br>Profissionais de enfermagem a cada 10k habitantes:  40.93<br>,Trinidad and Tobago<br><br>Médicos - Total:  5792<br>Médicos a cada 10k habitantes:  41.68<br>
Tunisia,28739,25.14,14892,13.02,TUN,Tunisia<br><br>Profissionais de enfermagem - Total:  28739<br>Profissionais de enfermagem a cada 10k habitantes:  25.14<br>,Tunisia<br><br>Médicos - Total:  14892<br>Médicos a cada 10k habitantes:  13.02<br>
Turkey,219883,27.11,149997,18.49,TUR,Turkey<br><br>Profissionais de enfermagem - Total:  219883<br>Profissionais de enfermagem a cada 10k habitantes:  27.11<br>,Turkey<br><br>Médicos - Total:  149997<br>Médicos a cada 10k habitantes:  18.49<br>
Turkmenistan,24201,44.27,12161,22.25,TKM,Turkmenistan<br><br>Profissionais de enfermagem - Total:  24201<br>Profissionais de enfermagem a cada 10k habitantes:  44.27<br>,Turkmenistan<br><br>Médicos - Total:  12161<br>Médicos a cada 10k habitantes:  22.25<br>
Tuvalu,49,42.61,0,0.0,TUV,Tuvalu<br><br>Profissionais de enfermagem - Total:  49<br>Profissionais de enfermagem a cada 10k habitantes:  42.61<br>,Tuvalu<br><br>Médicos - Total:  0<br>Médicos a cada 10k habitantes:  0.0<br>
Uganda,52907,12.38,6918,1.68,UGA,Uganda<br><br>Profissionais de enfermagem - Total:  52907<br>Profissionais de enfermagem a cada 10k habitantes:  12.38<br>,Uganda<br><br>Médicos - Total:  6918<br>Médicos a cada 10k habitantes:  1.68<br>
Ukraine,300489,66.61,134986,29.92,UKR,Ukraine<br><br>Profissionais de enfermagem - Total:  300489<br>Profissionais de enfermagem a cada 10k habitantes:  66.61<br>,Ukraine<br><br>Médicos - Total:  134986<br>Médicos a cada 10k habitantes:  29.92<br>
United Arab Emirates,55158,57.27,24345,25.28,ARE,United Arab Emirates<br><br>Profissionais de enfermagem - Total:  55158<br>Profissionais de enfermagem a cada 10k habitantes:  57.27<br>,United Arab Emirates<br><br>Médicos - Total:  24345<br>Médicos a cada 10k habitantes:  25.28<br>
United Kingdom,548700,81.72,188783,28.12,GBR,United Kingdom<br><br>Profissionais de enfermagem - Total:  548700<br>Profissionais de enfermagem a cada 10k habitantes:  81.72<br>,United Kingdom<br><br>Médicos - Total:  188783<br>Médicos a cada 10k habitantes:  28.12<br>
Tanzania,31940,5.84,742,0.14,TZA,Tanzania<br><br>Profissionais de enfermagem - Total:  31940<br>Profissionais de enfermagem a cada 10k habitantes:  5.84<br>,Tanzania<br><br>Médicos - Total:  742<br>Médicos a cada 10k habitantes:  0.14<br>
United States,4729338,145.48,849126,26.12,USA,United States<br><br>Profissionais de enfermagem - Total:  4729338<br>Profissionais de enfermagem a cada 10k habitantes:  145.48<br>,United States<br><br>Médicos - Total:  849126<br>Médicos a cada 10k habitantes:  26.12<br>
Uruguay,6671,19.41,17456,50.79,URY,Uruguay<br><br>Profissionais de enfermagem - Total:  6671<br>Profissionais de enfermagem a cada 10k habitantes:  19.41<br>,Uruguay<br><br>Médicos - Total:  17456<br>Médicos a cada 10k habitantes:  50.79<br>
Uzbekistan,343223,112.8,72237,23.74,UZB,Uzbekistan<br><br>Profissionais de enfermagem - Total:  343223<br>Profissionais de enfermagem a cada 10k habitantes:  112.8<br>,Uzbekistan<br><br>Médicos - Total:  72237<br>Médicos a cada 10k habitantes:  23.74<br>
Vanuatu,417,14.25,46,1.65,VUT,Vanuatu<br><br>Profissionais de enfermagem - Total:  417<br>Profissionais de enfermagem a cada 10k habitantes:  14.25<br>,Vanuatu<br><br>Médicos - Total:  46<br>Médicos a cada 10k habitantes:  1.65<br>
Venezuela,27200,9.42,48000,19.48,VEN,Venezuela<br><br>Profissionais de enfermagem - Total:  27200<br>Profissionais de enfermagem a cada 10k habitantes:  9.42<br>,Venezuela<br><br>Médicos - Total:  48000<br>Médicos a cada 10k habitantes:  19.48<br>
Vietnam,135432,14.46,77539,8.28,VNM,Vietnam<br><br>Profissionais de enfermagem - Total:  135432<br>Profissionais de enfermagem a cada 10k habitantes:  14.46<br>,Vietnam<br><br>Médicos - Total:  77539<br>Médicos a cada 10k habitantes:  8.28<br>
Yemen,22377,7.85,13560,5.25,YEM,Yemen<br><br>Profissionais de enfermagem - Total:  22377<br>Profissionais de enfermagem a cada 10k habitantes:  7.85<br>,Yemen<br><br>Médicos - Total:  13560<br>Médicos a cada 10k habitantes:  5.25<br>
Zambia,23210,13.38,20591,11.87,ZMB,Zambia<br><br>Profissionais de enfermagem - Total:  23210<br>Profissionais de enfermagem a cada 10k habitantes:  13.38<br>,Zambia<br><br>Médicos - Total:  20591<br>Médicos a cada 10k habitantes:  11.87<br>
Zimbabwe,27934,19.35,3026,2.1,ZWE,Zimbabwe<br><br>Profissionais de enfermagem - Total:  27934<br>Profissionais de enfermagem a cada 10k habitantes:  19.35<br>,Zimbabwe<br><br>Médicos - Total:  3026<br>Médicos a cada 10k habitantes:  2.1<br>
American Samoa,0,0.0,0,0.0,ASM,American Samoa<br><br>Profissionais de enfermagem - Total:  0<br>Profissionais de enfermagem a cada 10k habitantes:  0.0<br>,American Samoa<br><br>Médicos - Total:  0<br>Médicos a cada 10k habitantes:  0.0<br>
Anguilla,0,0.0,0,0.0,AIA,Anguilla<br><br>Profissionais de enfermagem - Total:  0<br>Profissionais de enfermagem a cada 10k habitantes:  0.0<br>,Anguilla<br><br>Médicos - Total:  0<br>Médicos a cada 10k habitantes:  0.0<br>
Aruba,0,0.0,0,0.0,ABW,Aruba<br><br>Profissionais de enfermagem - Total:  0<br>Profissionais de enfermagem a cada 10k habitantes:  0.0<br>,Aruba<br><br>Médicos - Total:  0<br>Médicos a cada 10k habitantes:  0.0<br>
Bermuda,0,0.0,0,0.0,BMU,Bermuda<br><br>Profissionais de enfermagem - Total:  0<br>Profissionais de enfermagem a cada 10k habitantes:  0.0<br>,Bermuda<br><br>Médicos - Total:  0<br>Médicos a cada 10k habitantes:  0.0<br>
British Virgin Islands,0,0.0,0,0.0,VGB,British Virgin Islands<br><br>Profissionais de enfermagem - Total:  0<br>Profissionais de enfermagem a cada 10k habitantes:  0.0<br>,British Virgin Islands<br><br>Médicos - Total:  0<br>Médicos a cada 10k habitantes:  0.0<br>
Cayman Islands,0,0.0,0,0.0,CYM,Cayman Islands<br><br>Profissionais de enfermagem - Total:  0<br>Profissionais de enfermagem a cada 10k habitantes:  0.0<br>,Cayman Islands<br><br>Médicos - Total:  0<br>Médicos a cada 10k habitantes:  0.0<br>
Curacao,0,0.0,0,0.0,CUW,Curacao<br><br>Profissionais de enfermagem - Total:  0<br>Profissionais de enfermagem a cada 10k habitantes:  0.0<br>,Curacao<br><br>Médicos - Total:  0<br>Médicos a cada 10k habitantes:  0.0<br>
Falkland Islands (Islas Malvinas),0,0.0,0,0.0,FLK,Falkland Islands (Islas Malvinas)<br><br>Profissionais de enfermagem - Total:  0<br>Profissionais de enfermagem a cada 10k habitantes:  0.0<br>,Falkland Islands (Islas Malvinas)<br><br>Médicos - Total:  0<br>Médicos a cada 10k habitantes:  0.0<br>
Faroe Islands,0,0.0,0,0.0,FRO,Faroe Islands<br><br>Profissionais de enfermagem - Total:  0<br>Profissionais de enfermagem a cada 10k habitantes:  0.0<br>,Faroe Islands<br><br>Médicos - Total:  0<br>Médicos a cada 10k habitantes:  0.0<br>
French Polynesia,0,0.0,0,0.0,PYF,French Polynesia<br><br>Profissionais de enfermagem - Total:  0<br>Profissionais de enfermagem a cada 10k habitantes:  0.0<br>,French Polynesia<br><br>Médicos - Total:  0<br>Médicos a cada 10k habitantes:  0.0<br>
Gibraltar,0,0.0,0,0.0,GIB,Gibraltar<br><br>Profissionais de enfermagem - Total:  0<br>Profissionais de enfermagem a cada 10k habitantes:  0.0<br>,Gibraltar<br><br>Médicos - Total:  0<br>Médicos a cada 10k habitantes:  0.0<br>
Greenland,0,0.0,0,0.0,GRL,Greenland<br><br>Profissionais de enfermagem - Total:  0<br>Profissionais de enfermagem a cada 10k habitantes:  0.0<br>,Greenland<br><br>Médicos - Total:  0<br>Médicos a cada 10k habitantes:  0.0<br>
Guam,0,0.0,0,0.0,GUM,Guam<br><br>Profissionais de enfermagem - Total:  0<br>Profissionais de enfermagem a cada 10k habitantes:  0.0<br>,Guam<br><br>Médicos - Total:  0<br>Médicos a cada 10k habitantes:  0.0<br>
Guernsey,0,0.0,0,0.0,GGY,Guernsey<br><br>Profissionais de enfermagem - Total:  0<br>Profissionais de enfermagem a cada 10k habitantes:  0.0<br>,Guernsey<br><br>Médicos - Total:  0<br>Médicos a cada 10k habitantes:  0.0<br>
Hong Kong,0,0.0,0,0.0,HKG,Hong Kong<br><br>Profissionais de enfermagem - Total:  0<br>Profissionais de enfermagem a cada 10k habitantes:  0.0<br>,Hong Kong<br><br>Médicos - Total:  0<br>Médicos a cada 10k habitantes:  0.0<br>
Isle of Man,0,0.0,0,0.0,IMN,Isle of Man<br><br>Profissionais de enfermagem - Total:  0<br>Profissionais de enfermagem a cada 10k habitantes:  0.0<br>,Isle of Man<br><br>Médicos - Total:  0<br>Médicos a cada 10k habitantes:  0.0<br>
Jersey,0,0.0,0,0.0,JEY,Jersey<br><br>Profissionais de enfermagem - Total:  0<br>Profissionais de enfermagem a cada 10k habitantes:  0.0<br>,Jersey<br><br>Médicos - Total:  0<br>Médicos a cada 10k habitantes:  0.0<br>
Kosovo,0,0.0,0,0.0,KSV,Kosovo<br><br>Profissionais de enfermagem - Total:  0<br>Profissionais de enfermagem a cada 10k habitantes:  0.0<br>,Kosovo<br><br>Médicos - Total:  0<br>Médicos a cada 10k habitantes:  0.0<br>
Liechtenstein,0,0.0,0,0.0,LIE,Liechtenstein<br><br>Profissionais de enfermagem - Total:  0<br>Profissionais de enfermagem a cada 10k habitantes:  0.0<br>,Liechtenstein<br><br>Médicos - Total:  0<br>Médicos a cada 10k habitantes:  0.0<br>
Macau,0,0.0,0,0.0,MAC,Macau<br><br>Profissionais de enfermagem - Total:  0<br>Profissionais de enfermagem a cada 10k habitantes:  0.0<br>,Macau<br><br>Médicos - Total:  0<br>Médicos a cada 10k habitantes:  0.0<br>
New Caledonia,0,0.0,0,0.0,NCL,New Caledonia<br><br>Profissionais de enfermagem - Total:  0<br>Profissionais de enfermagem a cada 10k habitantes:  0.0<br>,New Caledonia<br><br>Médicos - Total:  0<br>Médicos a cada 10k habitantes:  0.0<br>
Northern Mariana Islands,0,0.0,0,0.0,MNP,Northern Mariana Islands<br><br>Profissionais de enfermagem - Total:  0<br>Profissionais de enfermagem a cada 10k habitantes:  0.0<br>,Northern Mariana Islands<br><br>Médicos - Total:  0<br>Médicos a cada 10k habitantes:  0.0<br>
Puerto Rico,0,0.0,0,0.0,PRI,Puerto Rico<br><br>Profissionais de enfermagem - Total:  0<br>Profissionais de enfermagem a cada 10k habitantes:  0.0<br>,Puerto Rico<br><br>Médicos - Total:  0<br>Médicos a cada 10k habitantes:  0.0<br>
Saint Martin,0,0.0,0,0.0,MAF,Saint Martin<br><br>Profissionais de enfermagem - Total:  0<br>Profissionais de enfermagem a cada 10k habitantes:  0.0<br>,Saint Martin<br><br>Médicos - Total:  0<br>Médicos a cada 10k habitantes:  0.0<br>
Saint Pierre and Miquelon,0,0.0,0,0.0,SPM,Saint Pierre and Miquelon<br><br>Profissionais de enfermagem - Total:  0<br>Profissionais de enfermagem a cada 10k habitantes:  0.0<br>,Saint Pierre and Miquelon<br><br>Médicos - Total:  0<br>Médicos a cada 10k habitantes:  0.0<br>
Sint Maarten,0,0.0,0,0.0,SXM,Sint Maarten<br><br>Profissionais de enfermagem - Total:  0<br>Profissionais de enfermagem a cada 10k habitantes:  0.0<br>,Sint Maarten<br><br>Médicos - Total:  0<br>Médicos a cada 10k habitantes:  0.0<br>
South Sudan,0,0.0,0,0.0,SSD,South Sudan<br><br>Profissionais de enfermagem - Total:  0<br>Profissionais de enfermagem a cada 10k habitantes:  0.0<br>,South Sudan<br><br>Médicos - Total:  0<br>Médicos a cada 10k habitantes:  0.0<br>
Taiwan,0,0.0,0,0.0,TWN,Taiwan<br><br>Profissionais de enfermagem - Total:  0<br>Profissionais de enfermagem a cada 10k habitantes:  0.0<br>,Taiwan<br><br>Médicos - Total:  0<br>Médicos a cada 10k habitantes:  0.0<br>
Virgin Islands,0,0.0,0,0.0,VGB,Virgin Islands<br><br>Profissionais de enfermagem - Total:  0<br>Profissionais de enfermagem a cada 10k habitantes:  0.0<br>,Virgin Islands<br><br>Médicos - Total:  0<br>Médicos a cada 10k habitantes:  0.0<br>
West Bank,0,0.0,0,0.0,WBG,West Bank<br><br>Profissionais de enfermagem - Total:  0<br>Profissionais de enfermagem a cada 10k habitantes:  0.0<br>,West Bank<br><br>Médicos - Total:  0<br>Médicos a cada 10k habitantes:  0.0<br>
